[
  {"city":"Legnago","population":"649,121","image":"https://user-images.githubusercontent.com/47005505/116822758-fc2e7a00-ab80-11eb-93ab-1a99ceff1b31.jpg","state":"Verona","latitude":45.18257622,"longitude":11.3105227},
  {"city":"San Bonifacio","population":"649,121","image":"https://user-images.githubusercontent.com/47005505/116822790-21bb8380-ab81-11eb-9b4f-ed0bcfa1d6a8.jpg","state":"Verona","latitude":45.39886604,"longitude":11.28525559},
  {"city":"Borgo Milano","population":"649,121","image":"https://user-images.githubusercontent.com/47005505/116822784-208a5680-ab81-11eb-9503-e5fbe36c2d97.jpg","state":"Verona","latitude":45.44440358,"longitude":10.96300828},
  {"city":"Bosco Chiesanuova","population":"649,121","image":"https://user-images.githubusercontent.com/47005505/116822788-2122ed00-ab81-11eb-8c9b-5c13105373f7.jpg","state":"Verona","latitude":45.58921891,"longitude":11.03695043},
  {"city":"Giarol Grande","population":"649,121","image":"https://user-images.githubusercontent.com/47005505/116822789-21bb8380-ab81-11eb-9b9c-3b276afc1758.jpg","state":"Verona","latitude":45.433056,"longitude":11.030278}
]